city_id,city_name,country,arena_id,arena_name,address,latitude,longitude,is_active,is_confirmed
10,Барановичи,BY,23,Ледовый дворец спорта,"Советский проспект, 20",53.1493182,26.0014462,True,True
13,Береза,BY,26,Ледовая арена,"ул. 17 Сентября, 39",52.5299,24.98099,True,True
24,Бобруйск,BY,38,Бобруйск-арена,Карбышева 11,53.1423013,29.2469144,True,True
9,Брест,BY,22,Брестский ледовый дворец спорта,"ул. Московская, 151",52.0926764,23.7384897,True,True
16,Витебск,BY,29,Дворец спорта,проспект строителей 23,55.1692254,30.2266233,True,True
20,Гомель,BY,33,Гомельский ледовый дворец спорта,"ул. Мазурова, 110",52.4604315,31.0219016,True,True
20,Гомель,BY,34,"Ледовый каток ""Солнечный""","Речицкий проспект, 109",52.4091118,30.9375024,True,True
19,Горки,BY,32,Ледовый дворец,Вокзальная улица 23,54.2747969,30.9993037,True,True
3,Гродно,BY,11,Ледовый дворец спорта,ул. Коммунальная 3а,53.68819,23.824166,True,True
3,Гродно,BY,10,"ТЦ ""Тринити""","проспект Янки Купалы 87, Hrodna, Hrodna Region 230026",53.649866,23.854538,True,True
21,Жлобин,BY,35,Ледовый дворец «Металлург»,"ул. Карла Маркса, 3/1",52.902213,30.0582516,True,True
8,Жодино,BY,20,Ледовая площадка ГУ СДЮШОР,"ул. Лебедевского, 18",54.0942605,28.3262757,True,True
15,Ивацевичи,BY,28,Ледовая арена,Спортивная 3,52.7211098,25.3303487,True,True
12,Кобрин,BY,25,Ледовая арена,Замковая площадь 11А,52.2136574,24.3641108,True,True
23,Лида,BY,37,Ледовый дворец,Качана 31,53.8954462,25.3237632,True,True
26,Лунинец,BY,40,СК Олимп-2011,Красная улица 160Б,52.2600712,26.7899673,True,True
2,Минск,BY,8,"Каток хк ""Юность""","Первомайская улица, 3, Минск, Минская область",53.90141,27.57375,True,True
2,Минск,BY,5,Ледовый дворец спорта Минской области,"ул. Притыцкого 27, Минск, Минская область",53.90757,27.48631,True,True
2,Минск,BY,12,Лыжероллерная трасса,Победителей 20/3,53.9427,27.4939,True,True
2,Минск,BY,2,Минск Арена,"пр-т. Победителей 111, Минск, Минская область",53.9394,27.4685,True,True
2,Минск,BY,9,Олимпик-арена,"ул. Ратомская 2, Минск, Минская область",53.94297,27.45714,True,True
2,Минск,BY,4,СДЮШОР по фигурному катанию,"Минск, пр-т Каролинский, 5",53.85639,27.4907,True,True
2,Минск,BY,7,ТЦ DiaMond city,"Щомыслицкий с/с 32/4, Минск, Минская область",53.84966,27.433552,True,True
2,Минск,BY,3,ТЦ Замок,"пр-т. Победителей 65, Минск, Минская область",53.92635,27.51738,True,True
2,Минск,BY,13,Хоккейный центр “JUSTSKATE”,Кальварийская 18,53.9069638,27.5315572,True,True
2,Минск,BY,14,Хоккейный центр «Финт»,Октябрьская площадь 1,53.9030076,27.5622699,True,True
2,Минск,BY,6,Чижовка-арена,"ул. Ташкентская 19, Минск, Минская область",53.844534,27.628657,True,True
29,Могилев,BY,43,Дворец спорта «Могилёв»,ул. Гагарина 1,53.88464,30.32903,True,True
6,Молодечно,BY,18,Спортивно-развлекательный центр,"ул. Великий Гостинец, 102",54.3011204,26.8650159,True,True
17,Новополоцк,BY,30,Ледовый дворец,"ул. Молодёжная, 94Б",55.5069684,28.7024495,True,True
25,Озерный,BY,39,Крытый каток,"Минская обл., п. Озерный, ул. Московская, 151",52.0934,23.7577,True,True
18,Орша,BY,31,Ледовая арена,"ул. Владимира Ленина, 79",54.5217761,30.4381153,True,True
27,Островец,BY,41,Ледовая площадка,Октябрьская улица 39,54.6101379,25.9612152,True,True
11,Пинск,BY,24,Ледовая арена УСК «Волна»,"ул. Иркутско-Пинской дивизии, 46",52.1221795,26.1277244,True,True
14,Пружаны,BY,27,Ледовая арена ГУ СДЮШОР №2,"ул. Заводская, 15",52.5663378,24.4743121,True,True
4,Раубичи,BY,15,РЦОП по зимним видам спорта,"Минский район, Острошицко-Городской сельсовет",54.0628,27.7354,True,True
22,Светлогорск,BY,36,Ледовый дворец,"ул. Свердлова, 40",52.6311832,29.718548,True,True
5,Силичи,BY,16,Крытый каток РГЦ «Силичи»,"Минская обл., Логойский р-н, РГЦ «Силичи»",54.1565,27.8349,True,True
7,Солигорск,BY,19,Спортивно-зрелищный комплекс,"ул. К. Заслонова, 25",52.7909489,27.5366473,True,True
28,Шклов,BY,42,Ледовая арена,ул. Почтовая 2,54.2044194,30.3049466,True,True
30,Москва/МО,RU,91,Arena Play Север,"Ботаническая улица 2, ст.1",55.8414086,37.5861316,True,True
30,Москва/МО,RU,92,Arena Play Технополис,"Зеленоград, территория ОЭЗ Технополис Москва",56.0065,37.1565,True,True
30,Москва/МО,RU,84,Arena Play ЮГ/Коммунарка,"ул. Александры Монаховой, 21Б",55.5529706,37.4890426,True,True
30,Москва/МО,RU,55,"""Mega Ice"" в ТРЦ Авиапарк","Ходынский бульвар, 4",55.791094,37.5284881,True,True
30,Москва/МО,RU,87,Riga Ice Land,"Новорижское ш. 26-й км, с6",55.78579,37.243235,True,True
30,Москва/МО,RU,133,АйсПарк,"Московская область, Жуковский, Молодёжная улица, 9",55.589886,38.106518,True,True
30,Москва/МО,RU,45,Академия льда,"1-й Стрелецкий пр., 14",55.798676,37.6089811,True,True
30,Москва/МО,RU,62,Апиа Арена,Яблочкова 7,55.8165783,37.5792566,True,True
30,Москва/МО,RU,89,Арена «Айсберг»,"г. Химки, мкр. Левобережный, ул. Пожарского, 22А",55.89008,37.48676,True,True
30,Москва/МО,RU,70,"Арена ""Морозово""","Новоостаповская ул., 5, стр. 2",55.722366,37.6795376,True,True
30,Москва/МО,RU,90,Арена Мытищи,"г. Мытищи, Лётная ул., 17",55.91081,37.72669,True,True
30,Москва/МО,RU,51,Арена «Олимпийская деревня-80»,"Мичуринский пр-т, Олимпийская деревня, 2с1",55.6766,37.4674,True,True
30,Москва/МО,RU,139,Арена Пехорка,"Московская область, Балашиха, Парковая улица, 2А",55.799178,37.941379,True,True
30,Москва/МО,RU,93,Баума Арена,"Московская область, городской округ Красногорск, рабочий посёлок Нахабино, Парковая улица, 25",55.833572,37.159521,True,True
30,Москва/МО,RU,157,Вершина,"Москва, Шипиловский проезд • парк Царицыно",55.7656301,37.6469439,True,True
30,Москва/МО,RU,53,ВТБ Арена,"Ленинградский пр-т, 36",55.7912927,37.5586382,True,True
30,Москва/МО,RU,52,Дворец спорта «Мегаспорт» им. А. В. Тарасова,"Ходынский бульвар, 3",55.7865724,37.5398937,True,True
30,Москва/МО,RU,127,ДС Олимпийский им. В. С. Максимова,"Московская область, Чехов, Московская улица, 104",55.158737,37.452945,True,True
30,Москва/МО,RU,121,Искусственный каток,"Москва, Бесединское шоссе, 15",55.632299,37.761803,True,True
30,Москва/МО,RU,137,Каток Берёзки,"Московская область, Одинцовский городской округ, деревня Солослово, КП Резиденции Берёзки ривер вилладж, 314",55.708892,37.168128,True,True
30,Москва/МО,RU,85,Каток в Коммунарке,исторический район Старая Коммунарка,55.5679,37.4789,True,True
30,Москва/МО,RU,118,Каток в районе Савелки,"Москва, Зеленоград, Озёрная аллея, 4",55.990425,37.221294,True,True
30,Москва/МО,RU,120,Каток в ТРЦ Вегас,Хорошёвский проезд 14,55.720524,37.3790341,True,True
30,Москва/МО,RU,64,Каток «Калейдоскоп»,"ул. Сходненская, 56 (ТРЦ «Калейдоскоп»)",55.8504655,37.4444565,True,True
30,Москва/МО,RU,73,Каток «Ледо»,улица Юности 1Б,55.7365191,37.8171343,True,True
30,Москва/МО,RU,119,Каток на Ангарской,"Москва, Северный административный округ, Дмитровский район, 14-й микрорайон",55.875952,37.525547,True,True
30,Москва/МО,RU,153,Каток на Челобитьевском шоссе,"Москва, Северо-Восточный административный округ, район Северный, 1-й микрорайон",55.929837,37.545731,True,True
30,Москва/МО,RU,75,Каток ТК Город,Рязанский проспект 2к2,55.7296939,37.7309467,True,True
30,Москва/МО,RU,155,Красногорск Арена,"Московская область, Красногорск, Лесная улица, 1А",55.830593,37.324612,True,True
30,Москва/МО,RU,86,Крокус Сити (Каток «Ледо»),"г. Красногорск, ул. Международная, 12",55.8209,37.3875,True,True
30,Москва/МО,RU,130,Крытый каток,"Московская область, Жуковский, улица Пушкина, 3",55.589249,38.124294,True,True
30,Москва/МО,RU,56,Крытый ледовый каток ЦСКА,ул. Авиаконструкторов Микояна 10,55.7931,37.5355,True,True
30,Москва/МО,RU,140,Крытый тренировочный каток имени А.С. Ионова,"Московская область, Электросталь, Спортивная улица, 10",55.796936,38.477709,True,True
30,Москва/МО,RU,59,ЛД «Синяя Птица»,"ул. Бестужевых, 9Б",55.8713012,37.5996554,True,True
30,Москва/МО,RU,154,Легенда,"Московская область, Домодедово, микрорайон Центральный, улица Кирова, 30",55.8666164,37.4945853,True,True
30,Москва/МО,RU,129,Легенда 77,"Москва, Даниловская набережная, 8А",55.735674,37.4483083,True,True
30,Москва/МО,RU,48,Лёд на Мосфильмовской,Мосфильмовская 41к2,55.7100745,37.5102341,True,True
30,Москва/МО,RU,125,Ледовая арена,"Московская область, городской округ Серпухов, посёлок Пограничный, 4В",55.6385838,37.5244304,True,True
30,Москва/МО,RU,138,Ледовая арена,"Москва, Профсоюзная улица, 93",55.6385838,37.5244304,True,True
30,Москва/МО,RU,145,Ледовая арена,"Московская область, Богородский городской округ, Ногинск, улица Климова, 48А",55.6385838,37.5244304,True,True
30,Москва/МО,RU,124,Ледовая арена Б-Класс,"Московская область, Серпухов, Московское шоссе, 55, корп. 1",54.940896,37.404936,True,True
30,Москва/МО,RU,128,Ледовая арена имени В.В. Каменского,"Московская область, Воскресенск, микрорайон Центральный, улица Менделеева, 2/1",55.323674,38.66799,True,True
30,Москва/МО,RU,126,Ледовая арена имени Н.А. Петрусевой,"Московская область, Павловский Посад, Большая Покровская улица, 60В",55.772591,38.653497,True,True
30,Москва/МО,RU,114,Ледовая арена им.Касатонова,"Королев, Октябрьский бульвар 10 стр 1",55.918933,37.864757,True,True
30,Москва/МО,RU,72,Ледовая арена «Некрасовка»,Покровская улица 22,55.7038475,37.9294095,True,True
30,Москва/МО,RU,76,"Ледовая арена ""Пингвины""",Булатниковская улица 2Б,55.5805841,37.6532219,True,True
30,Москва/МО,RU,148,Ледовая арена ПСБ Патриот,"Московская область, Одинцовский городской округ, территориальное управление Кубинка",55.564745,36.830145,True,True
30,Москва/МО,RU,142,Ледовая арена Селятино имени В. Мышкина,"Московская область, Наро-Фоминский городской округ, рабочий посёлок Селятино, Спортивная улица, 3, стр. 4",55.516797,36.985715,True,True
30,Москва/МО,RU,65,Ледовая арена «Серебряный»,"ул. Генерала Глаголева, 10, к. 3",55.78131,37.4661998,True,True
30,Москва/МО,RU,122,"Ледовая арена ""Снежный Барс""","Большая Очаковская улица, 2, корп. 2, стр. 3",55.6906345,37.4680703,True,True
30,Москва/МО,RU,49,Ледовая арена «Солнцево»,ул. Авиаторов 7А,55.6418518,37.4023165,True,True
30,Москва/МО,RU,50,Ледовая арена «Фили»,Филёвский бульвар 38,55.7634224,37.4917732,True,True
30,Москва/МО,RU,115,Ледовая площадка Клфк ЦСКА,"Ленинградский проспект 39, стр 1",55.795498,37.5370241,True,True
30,Москва/МО,RU,141,Ледовый дворец,"Московская область, Химки, микрорайон Новогорск, Соколовская улица, вл7",55.8067076,37.7397001,True,True
30,Москва/МО,RU,66,Ледовый дворец «Альпийский лед»,ул. Юных Ленинцев 52 стр. 2,55.6997925,37.7654432,True,True
30,Москва/МО,RU,156,Ледовый дворец Армада,"Московская область, Одинцово, Молодёжная улица, 15",55.672957,37.286377,True,True
30,Москва/МО,RU,136,Ледовый дворец Дмитров,"Московская область, Дмитров, Профессиональная улица, 25",56.360155,37.521876,True,True
30,Москва/МО,RU,63,"Ледовый дворец ""Звезда""","ул. Лодочная, 12",55.8424337,37.4641885,True,True
30,Москва/МО,RU,46,Ледовый дворец «Крылатское»,"ул. Крылатская, 16",55.7667363,37.4350133,True,True
30,Москва/МО,RU,116,Ледовый дворец Малаховка,"Московская область, городской округ Люберцы, посёлок городского типа Малаховка",55.64364,38.006935,True,True
30,Москва/МО,RU,83,"Ледовый дворец ""Метеор""","Чечёрский проезд, 23",55.5307216,37.5296284,True,True
30,Москва/МО,RU,131,Ледовый дворец Наро-Фоминск им. в. Шалимова,"Московская область, Наро-Фоминск, Профсоюзная улица, 36Б",55.394625,36.721458,True,True
30,Москва/МО,RU,67,"Ледовый дворец ""Новокосинский""","ул. Николая Старостина, 8",55.7304932,37.8531492,True,True
30,Москва/МО,RU,68,Ледовый дворец «Новоухтомский»,"Новоухтомское ш., 2А",55.7130336,37.8447363,True,True
30,Москва/МО,RU,81,Ледовый дворец «Созвездие»,"ул. Голубинская, 28, к. 3",55.5951235,37.5414967,True,True
30,Москва/МО,RU,58,Ледовый дворец «Сокольники»,"ул. Сокольнический Вал, 1Б",55.7928941,37.6714915,True,True
30,Москва/МО,RU,135,"Ледовый дворец спорта ""Кристалл""","Московская область, Электросталь, улица Радио, 3",55.793739,38.441113,True,True
30,Москва/МО,RU,150,Ледовый дворец Старт арена,"Московская область, Красногорск, микрорайон Опалиха, улица Ахматовой, 26",55.817454,37.241517,True,True
30,Москва/МО,RU,78,Ледовый дворец «Хрустальный»,"ул. Профсоюзная, 97, к. 1",55.6368306,37.5276274,True,True
30,Москва/МО,RU,44,Ледовый дворец «Центральный»,"Талалихина 28, стр 4",55.7303347,37.6788183,True,True
30,Москва/МО,RU,151,Ледовый каток,"Московская область, Лобня, улица Ленина, 65, стр. 3",55.6378037,37.5226766,True,True
30,Москва/МО,RU,74,Ледовый комплекс Град,"шоссе Энтузиастов, 12, к. 2",55.7480035,37.7068301,True,True
30,Москва/МО,RU,60,Ледовый комплекс «Медведково»,"Заповедная ул., 3",55.8664631,37.6334398,True,True
30,Москва/МО,RU,80,Ледовый комплекс «Остров»,"ул. Островитянова, 10",55.6383986,37.5036474,True,True
30,Москва/МО,RU,82,Ледовый комплекс «Южный лед»,"ул. Маршала Савицкого, 7",55.5062039,37.5859637,True,True
30,Москва/МО,RU,61,Ледовый комплекс Юрловский,Юрловский проезд вл6,55.8753685,37.6130162,True,True
30,Москва/МО,RU,144,Ледовый спортивный комплекс Лыткарино,"Московская область, Лыткарино, Советская улица, 9А",55.578648,37.904251,True,True
30,Москва/МО,RU,147,Ледовый спортивный комплекс Сергиев Посад имени С. В. Фёдорова,"Московская область, Сергиев Посад, Новоугличское шоссе, 73В",56.331623,38.125608,True,True
30,Москва/МО,RU,71,"Ледовый центр ""Марьино""","Мячковский бульвар, 10, к. 3",55.6558193,37.7524035,True,True
30,Москва/МО,RU,132,"Ледовый центр ""Снежные барсы""","Москва, улица Николая Старостина, 8",55.730188,37.853227,True,True
30,Москва/МО,RU,143,Малая спортивная арена Олимпийского комплекса Лужники,"Москва, улица Лужники, 24с3",55.713915,37.545839,True,True
30,Москва/МО,RU,77,Маяк,"ул. Красного Маяка, вл28",55.6119703,37.5979874,True,True
30,Москва/МО,RU,123,МБУ ДО СШОР им. В. М. Боброва,"Московская область, Ступино, проспект Победы, вл8с1",54.893113,38.07759,True,True
30,Москва/МО,RU,158,"Многофункциональный спортивный комплекс ""Чкалов Арена""","Москва, Спортивной Авиации, дом 3",55.820875,37.426217,True,True
30,Москва/МО,RU,160,Монтреал,"Москва, Остафьевская улица, 21/1",55.5286852,37.4977783,True,True
30,Москва/МО,RU,88,Полюс Арена,"Одинцовский р-н, Рублево-Успенское ш., 23 (Горки-2)",55.72514,37.1705,True,True
30,Москва/МО,RU,113,Реутов арена,Юбилейный проспект 43,55.7446658,37.8515998,True,True
30,Москва/МО,RU,149,Снегирь Арена,"Москва, Новомосковский административный округ, район Внуково, деревня Марушкино, 2",55.592766,37.2015131,True,True
30,Москва/МО,RU,57,"Спортивный комплекс ""Арктика""",Новоорловская улица 7В,55.6320142,37.3681248,True,True
30,Москва/МО,RU,54,Спортивный комплекс «Мечта»,"ул. Конёнкова, 10Б",55.8912333,37.6150153,True,True
30,Москва/МО,RU,117,Тренировочный каток,"Московская область, Мытищи, Лётная улица, 17",55.910398,37.731518,True,True
30,Москва/МО,RU,152,Триумф,"Московская область, Химки, Совхозная улица, 23",55.8158113,37.6569271,True,True
30,Москва/МО,RU,47,УСК «Крылья Советов»,"ул. Толбухина, 10, к. 4",55.5019386,37.5412481,True,True
30,Москва/МО,RU,134,ФОК Ледовая арена имени в. Лутченко ДС Борисоглебский,"Московская область, Раменское, улица Махова, 18/2",55.564539,38.225911,True,True
30,Москва/МО,RU,161,Хоккейный комплекс академия Спартак,"Москва, Большая Тихоновская улица, 2",55.803175,37.68659,True,True
30,Москва/МО,RU,79,Центр фигурного катания Этери Тутберидзе,"Новоясеневский пр-т, 26",55.6044327,37.5324811,True,True
30,Москва/МО,RU,69,ЦСКА Арена,"Автозаводская ул., 23А",55.7015791,37.6448363,True,True
30,Москва/МО,RU,94,Чемпион,Олонецкий проезд 5/1А,55.8730167,37.6592763,True,True
30,Москва/МО,RU,95,Чемпион,Южнопортовый проезд 2,55.6993646,37.6851209,True,True
30,Москва/МО,RU,96,Чемпион,"Балаклавский проспект, 33",55.6419221,37.5824716,True,True
30,Москва/МО,RU,146,Шайба,"Московская область, городской округ Красногорск, посёлок городского типа Путилково, МКАД, 71-й километр, 16А",55.7227956,37.5914654,True,True
30,Москва/МО,RU,159,Яуза Шаркс,"Москва, набережная Академика Туполева, 15",55.760086,37.674996,True,True
31,Санкт-Петербург/ЛО,RU,179,Arena G50,"Ждановская улица, 2",59.957624,30.279316,True,True
31,Санкт-Петербург/ЛО,RU,172,Arena Hockey Family,"Ленинградская область, Всеволожский район, Свердловское городское поселение, деревня Новосаратовка, Октябрьская набережная, 22",59.851954,30.495741,True,True
31,Санкт-Петербург/ЛО,RU,163,Go-Ice,"Магнитогорская улица, 17Ч",59.936584,30.430053,True,True
31,Санкт-Петербург/ЛО,RU,170,Ice Rink,"Ленинградская область, Ломоносовский район, Аннинское городское поселение, городской посёлок Новоселье, Центральная улица, 5",59.816654,30.177093,True,True
31,Санкт-Петербург/ЛО,RU,109,Mega Ice,"Пулковское шоссе, 25, к. 1",59.8198856,30.3175254,True,True
31,Санкт-Петербург/ЛО,RU,104,Айсберг Арена,проспект Стачек 45к2,59.8468364,30.2160779,True,True
31,Санкт-Петербург/ЛО,RU,193,Айсбург Арена,"Парашютная улица, 11",60.015243,30.274351,True,True
31,Санкт-Петербург/ЛО,RU,188,Айс Град,"проспект Обуховской Обороны, 149Х",59.884099,30.438722,True,True
31,Санкт-Петербург/ЛО,RU,175,Академия ледовых видов спорта Динамо,"улица Маршала Новикова, 14",60.012543,30.264251,True,True
31,Санкт-Петербург/ЛО,RU,189,Академия хоккея,"Пражская улица, 10, корп. 2",59.880071,30.386476,True,True
31,Санкт-Петербург/ЛО,RU,171,Арена Ракета,"Пушкинский район, посёлок Шушары, Новгородский проспект, 10, корп. 2",59.8063,30.3705,True,True
31,Санкт-Петербург/ЛО,RU,169,АСК-С,"Петродворцовый район, посёлок Стрельна, Фронтовая улица, 3АБ",59.851236,30.031075,True,True
31,Санкт-Петербург/ЛО,RU,192,Балтик Арена,Василеостровский намыв,59.953744,30.19477,True,True
31,Санкт-Петербург/ЛО,RU,107,Дворец спорта Обуховец,"пр. Обуховской Обороны, 130Д",59.9029099,30.4237202,True,True
31,Санкт-Петербург/ЛО,RU,181,Динамо-Юниор,"улица Бутлерова, 36",59.996112,30.407987,True,True
31,Санкт-Петербург/ЛО,RU,185,Ижорец,"Колпинский район, посёлок Металлострой, Пушкинская улица, 3А",59.806151,30.579245,True,True
31,Санкт-Петербург/ЛО,RU,168,Карамба,"Колпино, Октябрьская улица, 8",59.736952,30.612015,True,True
31,Санкт-Петербург/ЛО,RU,102,Каток в ТРК «Континент»,Бухарестская улица 30,59.8837389,30.3693023,True,True
31,Санкт-Петербург/ЛО,RU,103,Каток в ТРК «РИО»,"ул. Фучика, 2",59.8817682,30.3781221,True,True
31,Санкт-Петербург/ЛО,RU,183,Конькобежный стадион им. Шилкова,"улица Демьяна Бедного, 19, корп. 2",60.034376,30.412497,True,True
31,Санкт-Петербург/ЛО,RU,176,Крытый каток при академии ледовых видов спорта Динамо СПб,"Мебельная улица, 33А",59.992641,30.222718,True,True
31,Санкт-Петербург/ЛО,RU,99,ЛД «Гранд Каньон Айс»,Суздальский проспект 29,60.0605072,30.3384229,True,True
31,Санкт-Петербург/ЛО,RU,162,Лед арена,"Газовая улица, 10, лит.З",59.967814,30.301452,True,True
31,Санкт-Петербург/ЛО,RU,167,Ледовая арена,"посёлок Стрельна, Санкт-Петербургское шоссе, 128",59.856153,30.008536,True,True
31,Санкт-Петербург/ЛО,RU,177,Ледовая арена,"переулок Каховского, 2К",59.954756,30.245842,True,True
31,Санкт-Петербург/ЛО,RU,186,Ледовая арена,"улица Передовиков, 14, корп. 2",59.94723,30.463273,True,True
31,Санкт-Петербург/ЛО,RU,111,Ледовая арена Бугры,Шоссейная улица 42,60.0606356,30.3855117,True,True
31,Санкт-Петербург/ЛО,RU,166,Ледовая арена Вымпел,"Ленинградская область, Всеволожский район, Бугры, Шоссейная улица, 31В",60.0676,30.4016,True,True
31,Санкт-Петербург/ЛО,RU,178,Ледовая арена Гололёд,"Красное Село, улица Свободы, 15",59.729436,30.081129,True,True
31,Санкт-Петербург/ЛО,RU,173,Ледовая арена Динамо-Юниор,"улица Фаворского, 7",60.002463,30.376567,True,True
31,Санкт-Петербург/ЛО,RU,110,Ледовая арена «Купчино»,"ул. Димитрова, 3А",59.8441306,30.3776715,True,True
31,Санкт-Петербург/ЛО,RU,187,Ледовая арена Магнит,"Магнитогорская улица, 51В",59.937716,30.433026,True,True
31,Санкт-Петербург/ЛО,RU,101,Ледовая арена Озерки,"Большая Озерная ул., 56",60.0374577,30.3059034,True,True
31,Санкт-Петербург/ЛО,RU,108,Ледовая арена Пулковские высоты,"поселок Шушары, Петербургское шоссе, 60к6",59.769974,30.370355,True,True
31,Санкт-Петербург/ЛО,RU,180,Ледовая арена Рубеж,"проспект Ветеранов, 123",59.832729,30.180479,True,True
31,Санкт-Петербург/ЛО,RU,105,Ледовый дворец,"пр. Пятилеток, 1",59.9232003,30.4545129,True,True
31,Санкт-Петербург/ЛО,RU,100,Ледовый комплекс «Шанс Арена»,ул. Грибалёвой 9к2,59.9845612,30.355413,True,True
31,Санкт-Петербург/ЛО,RU,195,Нева арена,"Дальневосточный проспект, 54",59.901594,30.457814,True,True
31,Санкт-Петербург/ЛО,RU,190,Парк имени И.В. Бабушкина,"проспект Обуховской Обороны, 149Ч",59.882914,30.437935,True,True
31,Санкт-Петербург/ЛО,RU,194,Северный лёд,"Магнитогорская улица, 51В",59.937716,30.433026,True,True
31,Санкт-Петербург/ЛО,RU,112,СКА-Арена,Юрия Гагарина 8,59.8692281,30.3411485,True,True
31,Санкт-Петербург/ЛО,RU,97,СКК «Юбилейный»,"пр. Добролюбова, 18",59.9498865,30.2910466,True,True
31,Санкт-Петербург/ЛО,RU,98,СШОР по фигурному катанию,"ул. Туполевская, 4",60.0030124,30.2620565,True,True
31,Санкт-Петербург/ЛО,RU,165,Таврический сад,"Потёмкинская улица, 4А",59.944321,30.366479,True,True
31,Санкт-Петербург/ЛО,RU,106,Хоккейный город СКА,"Российский пр., 6",59.9239898,30.4697782,True,True
31,Санкт-Петербург/ЛО,RU,184,Центр зимних видов спорта им. В. П. Белоусова,"Ленинградская область, Всеволожск, Садовая улица, 20",60.032146,30.64148,True,True
31,Санкт-Петербург/ЛО,RU,174,Центр ледовых видов спорта Парнас,"6-й Верхний переулок, 12Б",60.068212,30.344406,True,True
31,Санкт-Петербург/ЛО,RU,191,"Центр физической культуры, спорта и здоровья Невского района","улица Бабушкина, 30",59.887142,30.432416,True,True
31,Санкт-Петербург/ЛО,RU,196,Шуваловский лёд,"улица Лидии Зверевой, 8",60.041656,30.250138,True,True
